Index,Test Name,Version,Sample Group Name,Unit,Increase Is Better,Min,Max,Median,Average,Standard Deviation,Sum,Values
0,"Tests.ChunkLoadingTests.BackAndForth",1,"Time","Millisecond",No,11.7564983665943,47.3960041999817,24.5920494198799,25.3756850212812,7.5876044018413,2537.56850212812,46.2707988917828, 47.3960041999817, 32.0238955318928, 31.2895067036152, 37.7619974315166, 27.9308035969734, 33.7306968867779, 33.8518992066383, 27.9616005718708, 24.02120269835, 31.9026000797749, 16.3454003632069, 30.5086951702833, 18.8768990337849, 34.0522043406963, 16.6902989149094, 30.0862025469542, 15.2319939807057, 28.5438075661659, 15.6735964119434, 17.814002931118, 19.0906953066587, 25.1443032175303, 17.0607008039951, 23.5331002622843, 22.2516022622585, 27.7749001979828, 22.0765937119722, 29.6453014016151, 23.4177019447088, 29.3231010437012, 24.4557969272137, 29.7492984682322, 20.3684028238058, 29.7705996781588, 26.6764033585787, 24.0442957729101, 21.3955007493496, 26.5962015837431, 21.1996026337147, 28.7096947431564, 23.5514026135206, 29.4277984648943, 26.2763034552336, 24.0262970328331, 21.2201029062271, 29.8211947083473, 19.9963003396988, 24.7283019125462, 16.6074968874454, 28.4080989658833, 14.9404052644968, 32.9937003552914, 16.1929987370968, 35.5271957814693, 20.3271042555571, 29.3259005993605, 15.8098991960287, 34.2450961470604, 16.5868978947401, 35.9287075698376, 19.9945997446775, 36.493394523859, 19.0765019506216, 34.9572971463203, 19.818402826786, 38.9167927205563, 16.1758996546268, 31.7776016891003, 17.0663055032492, 27.4919997900724, 19.2905962467194, 34.7837992012501, 18.6194013804197, 37.9104949533939, 15.690702944994, 32.1909002959728, 21.5571001172066, 31.1018992215395, 15.6401004642248, 31.7420996725559, 15.2153978124261, 16.1624997854233, 15.0384996086359, 32.193798571825, 20.9722016006708, 34.5185026526451, 19.7880025953054, 30.9852957725525, 16.0486046224833, 32.9145975410938, 21.1884994059801, 30.10050393641, 16.2455011159182, 32.7897965908051, 11.7564983665943, 32.302301377058, 17.4136981368065, 16.0098988562822, 19.4394066929817
1,"Tests.ChunkLoadingTests.FastHorizontalPan",1,"Time","Millisecond",No,7.64360139146447,25.1207984983921,9.42524801939726,10.5341429868713,3.37749336032853,1053.41429868713,19.2842967808247, 17.8362037986517, 9.32079833000898, 9.42439772188664, 9.17740259319544, 9.17480140924454, 8.92019551247358, 8.96930228918791, 10.8488025143743, 25.1207984983921, 18.2035006582737, 9.32709779590368, 9.02699865400791, 7.85780232399702, 7.64360139146447, 9.76719800382853, 7.97820277512074, 12.1821006760001, 10.8293015509844, 9.86009743064642, 9.42609831690788, 11.0983988270164, 7.97509960830212, 10.4108061641455, 8.98169633001089, 10.3540038689971, 8.61989799886942, 9.75780189037323, 8.06369725614786, 9.72859933972359, 8.2231005653739, 8.23730137199163, 9.72359720617533, 8.30099917948246, 10.1256025955081, 8.48149787634611, 10.009297169745, 7.79990060254932, 8.92470218241215, 7.88929965347052, 8.22390150278807, 10.4128969833255, 9.07149910926819, 9.41670220345259, 7.84309767186642, 21.9097994267941, 13.9227043837309, 9.11590177565813, 17.6360961049795, 8.94399825483561, 14.1932042315602, 9.8753971979022, 14.3076032400131, 15.1802999898791, 18.219493329525, 18.5585040599108, 18.0647950619459, 19.1117059439421, 12.4835958704352, 8.06150119751692, 9.53319855034351, 7.88820162415504, 9.69280023127794, 8.39720107614994, 8.76150093972683, 13.1964003667235, 12.2892996296287, 8.45319591462612, 9.57820285111666, 8.48030019551516, 7.77599913999438, 10.071499273181, 8.2756020128727, 10.0202951580286, 7.95899983495474, 9.54850483685732, 8.34029912948608, 10.0501980632544, 8.62760096788406, 8.41629784554243, 11.385302990675, 9.07120201736689, 10.0822988897562, 9.30289831012488, 10.2697983384132, 9.0151010081172, 12.0290033519268, 9.40249394625425, 10.6942038983107, 8.59669782221317, 9.75999888032675, 8.18790402263403, 10.0127980113029, 7.85570405423641, 9.99719370156527, 7.92180374264717, 10.0140022113919, 8.44439491629601, 9.89770423620939, 8.68120044469833
2,"Tests.ChunkLoadingTests.HorizontalPan",1,"Time","Millisecond",No,7.48990243300796,46.4951023459435,8.85239848867059,10.1788388518617,4.62061609859762,1017.88388518617,13.0817955359817, 13.9680979773402, 9.09430254250765, 8.7810019031167, 8.82590003311634, 9.80970077216625, 8.86789988726377, 9.60069429129362, 8.65010637789965, 8.58399923890829, 7.97859951853752, 8.49659834057093, 8.47149919718504, 14.7342970594764, 13.1205003708601, 8.60750395804644, 7.99010042101145, 9.18459426611662, 8.3092050626874, 8.42789839953184, 10.0019983947277, 11.2250000238419, 9.60639864206314, 8.6669996380806, 8.95719975233078, 8.91800597310066, 9.53119993209839, 9.5610972493887, 9.99949686229229, 9.67730302363634, 8.78830067813396, 8.40209797024727, 10.1855015382171, 8.4757013246417, 9.73789673298597, 7.97950010746717, 7.99820013344288, 10.0783025845885, 8.50639864802361, 9.163498878479, 8.42170510441065, 8.57639592140913, 8.86609964072704, 8.90369899570942, 8.57030227780342, 8.18849913775921, 8.97630397230387, 7.97119457274675, 22.3479028791189, 12.9526006057858, 9.47400089353323, 16.7798958718777, 8.29050410538912, 14.2172975465655, 8.3990003913641, 13.6140026152134, 8.67689866572618, 12.7603951841593, 13.134403154254, 17.0622020959854, 17.2805972397327, 11.4293014630675, 9.00949537754059, 7.8867981210351, 8.20750463753939, 7.64090148732066, 8.12299456447363, 7.66640435904264, 7.78809515759349, 8.97920224815607, 7.86879938095808, 8.72170459479094, 8.092793636024, 7.48990243300796, 9.27570182830095, 11.3432966172695, 24.7320998460054, 10.930803604424, 9.94820054620504, 8.86150076985359, 10.1191960275173, 9.22120176255703, 9.50420182198286, 8.92409961670637, 8.84329620748758, 46.4951023459435, 9.82529763132334, 8.41899774968624, 8.12480133026838, 8.71410127729177, 8.18619597703218, 8.48210044205189, 8.23920033872128, 7.86400213837624, 8.38769879192114, 7.90880061686039, 7.88249727338552, 8.67810379713774, 8.34190007299185, 8.21929518133402
3,"Tests.ChunkLoadingTests.MoveFast",1,"Time","Millisecond",No,7.94639997184277,15.3666026890278,8.59800167381763,8.90943998470902,1.16674934900416,890.943998470902,12.7891013398767, 14.6212941035628, 8.97010322660208, 9.03360266238451, 8.54280032217503, 9.91539843380451, 8.90849623829126, 8.69360100477934, 8.06200411170721, 8.50049592554569, 8.55979975312948, 8.50860215723515, 8.98629520088434, 15.3666026890278, 13.2085038349032, 8.55800043791533, 8.31119623035192, 9.25600156188011, 8.61899834126234, 7.94639997184277, 8.5402000695467, 8.25089961290359, 8.55320319533348, 8.09539388865232, 8.46200436353683, 8.54579824954271, 8.42470210045576, 8.30450002104044, 8.32859985530376, 8.80970060825348, 8.48100241273642, 8.25069472193718, 9.47980396449566, 8.66789929568768, 9.46799851953983, 8.60880129039288, 8.67689866572618, 8.33619572222233, 8.32000467926264, 8.41909740120173, 8.53380095213652, 9.59620159119368, 8.23239795863628, 8.66969954222441, 8.85719992220402, 8.34029912948608, 8.10960214585066, 8.11629835516214, 8.77340603619814, 8.31579510122538, 9.24990046769381, 8.72670114040375, 9.18430369347334, 9.6012968569994, 8.56029614806175, 9.0217050164938, 7.95260071754456, 8.88399966061115, 8.47680028527975, 8.6913974955678, 8.28960444778204, 8.41649621725082, 8.29409714788198, 8.11910443007946, 9.56889893859625, 8.44829902052879, 8.61210282891989, 8.01219511777163, 8.2819014787674, 8.27329978346825, 8.33059847354889, 8.37800465524197, 9.48650110512972, 8.94919969141483, 9.65009909123182, 8.90420190989971, 9.48179606348276, 9.86030325293541, 9.09059680998325, 8.31420067697763, 8.58720205724239, 8.14969558268785, 9.04770381748676, 8.73799622058868, 9.1727040708065, 10.3609981015325, 9.35909897089005, 9.66870039701462, 8.42949934303761, 9.46339964866638, 8.51120334118605, 8.6426017805934, 8.2006948068738, 8.74500442296267, 7.96929560601711, 8.29620193690062, 8.73830076307058, 8.64600297063589, 9.11369733512402, 8.06809775531292
4,"Tests.ChunkLoadingTests.MoveForward",1,"Time","Millisecond",No,7.92769994586706,14.2041947692633,8.78044962882996,9.01156702078879,1.06227282528456,901.156702078879,13.3532024919987, 13.874695636332, 8.59749875962734, 8.46690032631159, 8.53060558438301, 8.52529797703028, 8.72709788382053, 8.70420224964619, 9.51770134270191, 9.16009768843651, 9.058503434062, 9.32239927351475, 8.81140120327473, 14.2041947692633, 13.5454013943672, 8.61349888145924, 8.78110155463219, 8.21439921855927, 8.67229979485273, 8.82990378886461, 9.09719429910183, 8.62450432032347, 9.46629792451859, 9.11570340394974, 8.59139766544104, 9.13949869573116, 8.4082055836916, 9.19819995760918, 9.76909697055817, 9.09440219402313, 9.14599653333426, 8.92110262066126, 9.23609733581543, 8.22220090776682, 8.86050146073103, 8.24880227446556, 8.40599462389946, 9.15700104087591, 8.99250246584415, 8.61769448965788, 8.54870304465294, 8.71339999139309, 8.21539852768183, 7.99050461500883, 9.227997623384, 9.44900047034025, 9.56479553133249, 9.11990460008383, 9.32819582521916, 8.99280048906803, 9.11830365657806, 8.31639766693115, 7.92769994586706, 8.73570051044226, 9.07329935580492, 10.4534011334181, 8.58599785715342, 8.48450232297182, 8.05449951440096, 8.64589679986238, 9.39560681581497, 8.37869942188263, 8.61209630966187, 8.25999863445759, 8.74750595539808, 8.76659620553255, 8.97270441055298, 8.41299630701542, 8.80060251802206, 8.61089862883091, 8.56050197035074, 9.18280147016048, 8.40069446712732, 8.76609981060028, 9.00290533900261, 8.37599951773882, 8.30589607357979, 8.03550146520138, 9.22110304236412, 8.7433960288763, 9.70980059355497, 8.34760442376137, 8.77979770302773, 8.37750174105167, 8.26569553464651, 8.87850020080805, 8.39299894869328, 9.01100505143404, 9.04599670320749, 9.54850483685732, 9.11189801990986, 9.39170178025961, 9.03169624507427, 9.35620069503784, 8.72910302132368, 8.35549924522638, 9.1697983443737, 9.0368976816535, 8.40150192379951, 8.29319749027491
5,"Tests.ChunkLoadingTests.Teleport",1,"Time","Millisecond",No,8.3306971937418,192.684695124626,16.6247980669141,37.8562248405069,42.9872570043371,3785.62248405069,14.2571991309524, 29.7546982765198, 34.0335033833981, 28.3781960606575, 44.1594049334526, 42.7232980728149, 62.5404939055443, 36.5961007773876, 86.8575945496559, 41.0983972251415, 140.425905585289, 122.001305222511, 109.939694404602, 138.57589662075, 169.054701924324, 88.6056944727898, 143.251806497574, 81.3931971788406, 92.6528051495552, 192.684695124626, 61.7655031383038, 150.848597288132, 146.878495812416, 140.989199280739, 91.6527956724167, 68.2035014033318, 42.4365997314453, 80.2768021821976, 39.3224991858006, 128.534898161888, 77.8070017695427, 46.0847020149231, 32.2904959321022, 19.9882015585899, 15.107405371964, 17.9056972265244, 14.813301153481, 23.6575957387686, 17.3798035830259, 25.9921979159117, 16.5845025330782, 16.3440965116024, 16.6417025029659, 11.0004963353276, 13.1711028516293, 12.7351973205805, 12.4214990064502, 14.9978036060929, 15.3789967298508, 16.1868054419756, 17.0130953192711, 11.0761057585478, 12.5389955937862, 11.8826031684875, 12.7571998164058, 13.3124012500048, 11.2012969329953, 12.1477041393518, 15.0830000638962, 8.3306971937418, 17.4985975027084, 16.8056059628725, 15.8355943858624, 17.6474060863256, 11.7632932960987, 14.140504412353, 9.5178997144103, 13.2968965917826, 13.727699406445, 15.732504427433, 9.3671977519989, 16.6136976331472, 15.4015021398664, 16.6358985006809, 17.8625993430614, 11.3400015980005, 12.936401180923, 12.3963998630643, 13.069799169898, 11.8201030418277, 14.1326952725649, 14.1916032880545, 15.6202027574182, 15.5482990667224, 17.2097999602556, 17.9117992520332, 16.7709961533546, 17.568401992321, 11.6422977298498, 16.0576030611992, 8.96799843758345, 12.7172973006964, 18.1534998118877, 17.6731012761593, 12.4552017077804, 12.140397913754, 14.2708048224449, 14.8797975853086, 8.33740085363388, 14.2384991049767
6,"Tests.ImpostorsSRPBatcherTests.BackAndForth",1,"Time","Millisecond",No,14.7349983453751,24.0603033453226,15.8622981980443,16.4350290410221,1.64668204283646,1643.50290410221,24.0603033453226, 20.0606938451529, 15.5710037797689, 16.1871034651995, 15.6196001917124, 15.8682968467474, 14.9597013369203, 20.0839005410671, 20.7360964268446, 15.6551022082567, 15.4900010675192, 16.0316955298185, 15.0143001228571, 17.1325039118528, 15.3633998706937, 16.338499262929, 15.3760984539986, 15.7143995165825, 14.9405049160123, 15.2614936232567, 15.6090063974261, 15.7655961811543, 14.7349983453751, 15.3997028246522, 16.4209958165884, 15.8905051648617, 15.4897961765528, 15.5964996665716, 15.0734055787325, 15.9690976142883, 16.1306969821453, 15.3879038989544, 15.0704011321068, 15.6341977417469, 15.7571006566286, 15.9319024533033, 14.8584963753819, 15.504103153944, 17.5869967788458, 17.621498554945, 18.6363030225039, 16.0981994122267, 15.0245958939195, 15.4660008847713, 15.6692042946815, 16.7961027473211, 15.1866991072893, 15.4097005724907, 15.5125996097922, 15.8851966261864, 15.6853031367064, 15.1202948763967, 15.5134992673993, 16.5754035115242, 16.9582981616259, 17.1086024492979, 16.7338009923697, 15.8511977642775, 16.1479022353888, 16.2563994526863, 15.7542023807764, 15.2094950899482, 15.0000993162394, 15.6521052122116, 15.604599379003, 15.8271975815296, 15.0196999311447, 15.8133003860712, 15.7919004559517, 16.3472015410662, 15.6364012509584, 15.8152990043163, 19.2083977162838, 17.7588015794754, 19.376402720809, 22.3466977477074, 20.3790031373501, 21.0602954030037, 17.6857002079487, 17.7376978099346, 18.3050036430359, 17.2265022993088, 16.467297449708, 15.9847009927034, 15.8562995493412, 17.1102955937386, 16.9114023447037, 17.4334049224854, 17.2618981450796, 16.2928011268377, 15.9252975136042, 17.3416025936604, 16.2928011268377, 15.9278977662325, 15.5644984915853, 14.8345027118921, 16.373299062252, 16.2134990096092, 15.4998013749719, 15.1226967573166
7,"Tests.ImpostorsSRPBatcherTests.FastHorizontalPan",1,"Time","Millisecond",No,12.8316041082144,42.3416011035442,14.1656496562064,14.6509928815067,3.32895438785885,1465.09928815067,28.08309905231, 42.3416011035442, 13.6705990880728, 21.4646961539984, 18.6847001314163, 13.7910004705191, 14.6125992760062, 16.3920000195503, 18.4575039893389, 14.4298961386085, 13.6584043502808, 14.4089004024863, 13.1216980516911, 13.5931968688965, 14.0895051881671, 13.3818946778774, 15.5169004574418, 14.0858981758356, 13.6761050671339, 13.2725974544883, 15.0939980521798, 14.488598331809, 13.2172051817179, 14.7466976195574, 14.7598991170526, 14.6275013685226, 13.1069021299481, 14.5008005201817, 13.1790954619646, 14.4045986235142, 14.4682042300701, 15.5742987990379, 13.7222008779645, 14.1919003799558, 13.4389949962497, 13.7130031362176, 13.7298963963985, 13.9726046472788, 14.6785993129015, 14.2901996150613, 14.7360973060131, 14.1650009900331, 13.72329890728, 13.3372023701668, 14.724999666214, 14.0441963449121, 13.3428005501628, 15.1415038853884, 14.3827944993973, 14.1987036913633, 13.081100769341, 14.2424954101443, 12.9477037116885, 13.4490998461843, 13.8902990147471, 13.3653981611133, 15.0509001687169, 14.4802015274763, 13.1475981324911, 13.1780048832297, 14.1662983223796, 14.1450967639685, 13.1738027557731, 14.9290040135384, 15.2885979041457, 14.271697960794, 13.3550027385354, 14.4794005900621, 13.7235969305038, 13.7270977720618, 15.2345029637218, 16.0765014588833, 14.8459961637855, 14.1737032681704, 13.2642006501555, 14.6904978901148, 13.2091976702213, 13.8708045706153, 14.2500000074506, 13.2818948477507, 14.9290040135384, 14.3281957134604, 12.8316041082144, 13.1754959002137, 14.2026003450155, 14.1324046999216, 13.2901007309556, 14.459197409451, 14.2612950876355, 13.9402067288756, 12.9471942782402, 14.2656033858657, 13.4284012019634, 13.4639954194427, 14.3598997965455, 14.9767007678747, 13.8335032388568, 14.7788971662521, 13.0290035158396, 13.0416946485639
8,"Tests.ImpostorsSRPBatcherTests.HorizontalPan",1,"Time","Millisecond",No,12.5065976753831,42.2834046185017,13.8516970910132,14.6448450442404,3.98468476675207,1464.48450442404,31.5135009586811, 42.2834046185017, 13.9841977506876, 33.4104038774967, 14.5558957010508, 13.9594031497836, 14.3091976642609, 19.507298246026, 19.6789037436247, 14.3330991268158, 14.2568023875356, 14.0026994049549, 14.3738947808743, 14.9060022085905, 14.0303000807762, 14.6530969068408, 14.3055059015751, 13.3158946409822, 19.7393000125885, 14.3762044608593, 15.2514949440956, 13.9388041570783, 13.6971017345786, 14.9305984377861, 14.0546979382634, 13.7898027896881, 13.543494977057, 14.75790143013, 14.0777993947268, 14.2914047464728, 14.6758006885648, 15.3608983382583, 13.8886971399188, 13.7974983081222, 14.2024019733071, 13.8115007430315, 13.5651007294655, 13.9869973063469, 13.9075042679906, 13.3723001927137, 13.7276006862521, 13.5750994086266, 13.7502979487181, 15.4916029423475, 13.6559950187802, 13.1214000284672, 12.8600057214499, 12.7503965049982, 13.3648030459881, 13.0669008940458, 13.8042941689491, 13.1387049332261, 12.6394983381033, 13.4963011369109, 14.9969952180982, 13.3426021784544, 13.9972008764744, 13.4165035560727, 12.772498652339, 14.2054986208677, 14.1723994165659, 13.6876981705427, 13.4405046701431, 13.8450963422656, 13.8582978397608, 14.1935022547841, 13.6830992996693, 13.0457980558276, 13.3296055719256, 13.0762970075011, 12.6721020787954, 13.9777986332774, 13.2168009877205, 12.6617988571525, 13.1259988993406, 13.181802816689, 12.532695196569, 12.8097012639046, 12.9110049456358, 12.5065976753831, 13.8392997905612, 14.0178995206952, 13.5009000077844, 14.1366003081203, 14.1688985750079, 14.3029978498816, 16.7098008096218, 13.539002276957, 14.7901996970177, 14.0589000657201, 13.7320011854172, 14.1913974657655, 13.2508995011449, 14.2499003559351, 13.4172048419714, 13.5127976536751, 12.9044996574521, 14.0249012038112, 13.4067954495549, 13.2300024852157
9,"Tests.ImpostorsSRPBatcherTests.MoveFast",1,"Time","Millisecond",No,13.7984976172447,23.4821010380983,14.5320510491729,14.8478950373828,1.35298113403731,1484.78950373828,18.5047052800655, 19.8590978980064, 13.7984976172447, 23.4821010380983, 14.4044999033213, 14.9037977680564, 14.7259989753366, 19.3513035774231, 19.6838993579149, 14.5272957161069, 14.5308040082455, 15.3247024863958, 14.6656958386302, 14.0714002773166, 14.8684028536081, 14.3930977210402, 14.851700514555, 14.5705007016659, 14.3895978108048, 14.4946994259953, 14.742000028491, 14.9366995319724, 14.943303540349, 15.0328017771244, 14.5668014883995, 13.9942960813642, 14.4557040184736, 14.5332980901003, 14.7196995094419, 15.4279973357916, 14.4592048600316, 14.7801944985986, 13.9258997514844, 14.4210029393435, 14.4847007468343, 14.2444018274546, 14.1401998698711, 14.6981999278069, 14.497697353363, 14.2809031531215, 14.9482004344463, 14.3272960558534, 14.7102037444711, 14.2238941043615, 15.2062000706792, 14.6138034760952, 14.9905970320106, 14.1811007633805, 14.5255029201508, 14.7543931379914, 14.2795071005821, 14.407298527658, 14.2857003957033, 14.5422974601388, 13.8902002945542, 14.1197983175516, 14.2746027559042, 13.8401994481683, 14.4723001867533, 14.5866991952062, 14.5595027133822, 14.1268987208605, 14.7168012335896, 15.3552936390042, 14.5607003942132, 14.0644060447812, 14.6117983385921, 14.1616994515061, 14.5225981250405, 15.7610047608614, 15.3327947482467, 15.3301022946835, 14.1886975616217, 14.3595021218061, 14.6145978942513, 14.3944015726447, 13.9550026506186, 14.6235972642899, 14.3505027517676, 13.8982003554702, 14.585898257792, 14.2750004306436, 14.4156962633133, 13.8428993523121, 15.2312992140651, 15.2490008622408, 14.7125003859401, 13.9816040173173, 15.796797350049, 15.8031042665243, 14.9200959131122, 14.597300440073, 14.598498120904, 14.4433034583926, 14.0920989215374, 14.2460037022829, 14.3921980634332, 14.3780969083309, 14.1445007175207, 15.7289039343596
10,"Tests.ImpostorsSRPBatcherTests.MoveForward",1,"Time","Millisecond",No,13.6953014880419,21.7374004423618,14.4800525158644,14.7820919938385,1.25793149753767,1478.20919938385,18.5145977884531, 20.1380029320717, 14.5959965884686, 14.2572987824678, 14.5070999860764, 14.2096020281315, 14.1658019274473, 14.33390006423, 19.5396970957518, 19.7984986007214, 14.2883006483316, 14.3411988392472, 14.0403062105179, 14.593799598515, 14.4505947828293, 13.9009989798069, 15.0410002097487, 14.7383995354176, 14.3131026998162, 13.9117985963821, 14.3513036891818, 14.4162978976965, 13.9740006998181, 14.8551017045975, 14.5268002524972, 14.7277992218733, 14.6308960393071, 14.1729023307562, 14.5489014685154, 14.5811010152102, 14.2452949658036, 15.1688000187278, 14.440200291574, 14.1493054106832, 14.7023955360055, 14.8656032979488, 14.6316960453987, 14.0157025307417, 14.3815968185663, 14.8128047585487, 15.6704932451248, 15.0556052103639, 14.2734972760081, 14.5112033933401, 14.2946997657418, 14.0249012038112, 14.2276994884014, 14.8912984877825, 14.0723995864391, 14.8526001721621, 14.4765023142099, 14.5500004291534, 14.1647960990667, 14.3382018432021, 14.3178002908826, 14.2499003559351, 14.5647963508964, 15.3526002541184, 14.6085033193231, 14.3794007599354, 14.559899456799, 14.5445009693503, 15.1223996654153, 14.47410043329, 14.4059946760535, 14.9307046085596, 14.184701256454, 14.3395978957415, 14.5518993958831, 14.2531041055918, 14.0783945098519, 14.3912062048912, 14.4744971767068, 14.4838998094201, 14.0651995316148, 13.6953014880419, 21.7374004423618, 14.8131940513849, 14.3924038857222, 14.3635980784893, 14.4463013857603, 14.809800311923, 14.7586027160287, 14.4529975950718, 14.6134989336133, 14.3922977149487, 14.0551021322608, 14.4385984167457, 15.3064057230949, 14.7457979619503, 14.7874997928739, 14.9653982371092, 15.2249997481704, 14.8499011993408, 14.4836027175188, 14.7341974079609, 14.1934026032686, 13.9407953247428, 15.0764035061002, 15.316198579967
11,"Tests.ImpostorsSRPBatcherTests.Teleport",1,"Time","Millisecond",No,12.6013960689306,90.7964035868645,25.0568483024836,33.2600749842823,23.3132543181373,3326.00749842823,18.701396882534, 20.6704996526241, 15.2965988963842, 15.059701167047, 15.550198033452, 17.542501911521, 15.6116001307964, 19.3225983530283, 20.4905048012733, 15.429294668138, 15.3852039948106, 15.9408021718264, 16.7021974921227, 15.5146969482303, 16.8535988777876, 16.664307564497, 15.2343958616257, 13.8846021145582, 14.1232991591096, 13.8016017153859, 15.2647960931063, 16.23560115695, 16.3561999797821, 15.7909020781517, 14.9687007069588, 13.5283023118973, 13.251693919301, 13.5226044803858, 14.6133005619049, 14.5535003393888, 20.6784941256046, 14.7328022867441, 15.115100890398, 12.7053000032902, 12.9251983016729, 12.66960054636, 13.6708049103618, 13.2790962234139, 17.5390020012856, 14.6476970985532, 13.576403260231, 12.6013960689306, 14.6148027852178, 26.7856009304523, 85.7858955860138, 79.9503996968269, 82.8254073858261, 77.571302652359, 84.6410989761353, 77.7111947536469, 34.493699669838, 80.5565044283867, 76.9057944417, 78.7457972764969, 69.4874972105026, 90.7964035868645, 26.162201538682, 31.0152005404234, 32.4365012347698, 31.8837016820908, 30.0556980073452, 22.8368975222111, 90.0493040680885, 23.9514950662851, 31.6696986556053, 37.4611057341099, 39.2847023904324, 29.4167939573526, 26.5735052525997, 31.1606004834175, 30.4352957755327, 27.5159012526274, 84.9151983857155, 31.605202704668, 38.8124994933605, 36.7808975279331, 28.562605381012, 16.5784936398268, 80.4738998413086, 23.4616007655859, 34.322202205658, 43.3362014591694, 38.1521955132485, 53.9839006960392, 36.9616001844406, 44.4705002009869, 18.6740010976791, 76.2725993990898, 23.7661991268396, 41.0789027810097, 40.3652004897594, 45.6314980983734, 45.6443019211292, 33.587995916605, 85.4787975549698, 32.6772034168243, 28.8602970540524, 41.0075038671494, 16.2761975079775, 51.4837019145489
12,"Tests.ImpostorsGPUInstancingTests.BackAndForth",1,"Time","Millisecond",No,14.7244967520237,22.6939059793949,15.6941507011652,15.8884820528328,1.13156056274235,1588.84820528328,22.6939059793949, 19.7783950716257, 15.7050024718046, 15.6936012208462, 15.8155970275402, 15.0961028411984, 15.1928002014756, 20.592899993062, 20.1303008943796, 16.1180980503559, 15.9473996609449, 15.7303996384144, 15.0803998112679, 15.2897033840418, 15.6947001814842, 16.0114020109177, 15.8233977854252, 15.3784016147256, 15.8912986516953, 16.1423962563276, 15.8734060823917, 14.9696990847588, 15.4264951124787, 15.6517010182142, 15.5593045055866, 15.9892998635769, 14.8442955687642, 15.5117986723781, 16.464002430439, 16.0930976271629, 15.2504043653607, 15.5678996816278, 16.559898853302, 16.0565972328186, 15.8967040479183, 15.4398949816823, 15.3184030205011, 15.7127976417542, 15.9837026149035, 15.8342961221933, 14.977203682065, 15.2178993448615, 15.5483987182379, 15.5847007408738, 14.7720025852323, 15.4686011373997, 15.7982986420393, 16.3879953324795, 15.5383003875613, 15.0553993880749, 15.4197989031672, 15.6462024897337, 15.4904974624515, 14.812202192843, 14.9631025269628, 15.8296972513199, 15.5942039564252, 15.5950961634517, 15.8954001963139, 15.7824978232384, 15.5417025089264, 16.1303002387285, 14.8999998345971, 15.1312006637454, 16.1390025168657, 16.1992982029915, 15.6047977507114, 15.0866992771626, 15.6528986990452, 16.2536073476076, 16.5225975215435, 15.0124011561275, 15.623795799911, 16.5491998195648, 16.2857007235289, 15.9254036843777, 14.7244967520237, 15.2218043804169, 15.6608987599611, 15.6543012708426, 16.5206994861364, 15.2624007314444, 16.2135977298021, 16.3230020552874, 16.0364024341106, 15.925694257021, 15.013201162219, 15.9599985927343, 15.9835033118725, 16.0435028374195, 14.8694943636656, 15.2910007163882, 16.048101708293, 16.8581996113062, 15.6874991953373, 15.2496034279466, 15.9510988742113, 15.9753039479256, 15.5556974932551, 17.0726962387562
13,"Tests.ImpostorsGPUInstancingTests.FastHorizontalPan",1,"Time","Millisecond",No,12.7764027565718,18.8666023313999,14.0213998965919,14.2217289377004,1.11363424685304,1422.17289377004,18.3435939252377, 17.736004665494, 14.8232989013195, 13.8348005712032, 13.9120956882834, 13.7655045837164, 13.5226966813207, 14.7182047367096, 18.6521969735622, 18.8666023313999, 13.5292941704392, 14.2135061323643, 13.8123938813806, 13.3069017902017, 13.7543017044663, 14.9785997346044, 15.1419006288052, 14.2851965501904, 13.6411990970373, 14.2287062481046, 13.3017003536224, 13.7501982972026, 14.196895994246, 13.2318027317524, 15.1011971756816, 14.9679984897375, 13.2557041943073, 13.104896992445, 13.7075046077371, 14.0392994508147, 13.24169524014, 15.3026999905705, 14.4043015316129, 13.8276005163789, 13.0090983584523, 14.4693022593856, 13.933602720499, 13.3573981001973, 14.5866004750133, 14.9802016094327, 13.5332979261875, 14.98750038445, 13.0601972341537, 12.7764027565718, 13.7798963114619, 14.2872026190162, 14.2711028456688, 13.5225979611278, 15.3095023706555, 14.4183952361345, 14.095401391387, 13.2986037060618, 13.9910997822881, 13.2023952901363, 13.7902991846204, 14.9835031479597, 14.3354022875428, 13.8170989230275, 13.0094951018691, 15.0990998372436, 13.3101046085358, 13.73799610883, 14.0186008065939, 13.7331988662481, 15.1050025597215, 14.0683958306909, 13.0444020032883, 13.1157031282783, 13.8811999931931, 14.3321007490158, 13.5388961061835, 14.9034010246396, 14.5790036767721, 14.0241989865899, 12.9648949950933, 14.2673039808869, 12.9995960742235, 13.5847013443708, 14.2589993774891, 15.1164047420025, 14.4788976758718, 14.480696991086, 13.0607988685369, 13.1169008091092, 13.8902002945542, 14.4961029291153, 13.7558039277792, 16.9537980109453, 14.7043010219932, 15.2243981137872, 14.4158024340868, 13.4341977536678, 14.1748012974858, 13.9348991215229, 13.2835954427719, 14.5352045074105, 14.8455994203687, 14.6351968869567, 13.1481010466814, 14.6142998710275
14,"Tests.ImpostorsGPUInstancingTests.HorizontalPan",1,"Time","Millisecond",No,12.3977037146688,42.8846925497055,13.6319482699037,14.3675430305302,4.30734614867166,1436.75430305302,28.573902323842, 42.8846925497055, 41.7217053472996, 14.9242980405688, 14.2108984291553, 14.5229026675224, 14.252501539886, 14.3201956525445, 14.1050023958087, 14.7786987945437, 14.8249007761478, 14.6071007475257, 13.9022963121533, 14.4248018041253, 14.6096013486385, 13.8110965490341, 14.4966058433056, 14.5420990884304, 14.1138955950737, 14.3464002758265, 14.0927014872432, 13.8490004464984, 13.4756024926901, 14.1458967700601, 14.029698446393, 14.0505032613873, 14.2663978040218, 14.895903877914, 14.3004963174462, 14.0359979122877, 14.3887046724558, 14.8150017485023, 14.1274947673082, 13.7406038120389, 14.2776994034648, 13.9481006190181, 13.5003970935941, 14.0845021232963, 14.221896417439, 13.6495037004352, 13.6233987286687, 13.4339993819594, 13.2343042641878, 13.4946992620826, 13.0131943151355, 12.6038054004312, 13.0872940644622, 12.9428999498487, 12.3977037146688, 13.0793014541268, 12.9089001566172, 12.5915957614779, 13.7718040496111, 14.4443949684501, 12.6824053004384, 13.3474981412292, 13.7170990929008, 13.2901994511485, 13.6178005486727, 13.8517003506422, 13.3658023551106, 13.9142004773021, 13.964993879199, 13.0696007981896, 13.1968045607209, 13.2599985226989, 12.7670001238585, 13.3247021585703, 13.3974989876151, 12.6634994521737, 13.2526010274887, 13.6404978111386, 13.5144982486963, 12.9502052441239, 12.9434950649738, 12.5734051689506, 13.2794007658958, 13.1289968267083, 12.5324968248606, 13.0142010748386, 13.2081983610988, 12.5617058947682, 13.1538975983858, 13.135502114892, 13.3174955844879, 13.5122025385499, 12.9336025565863, 13.1946997717023, 15.3826959431171, 13.9062004163861, 12.7950040623546, 13.6705003678799, 13.1535995751619, 13.242594897747, 14.3337016925216, 13.6152990162373, 12.9920989274979, 13.7775018811226, 13.0696007981896, 13.040604069829
15,"Tests.ImpostorsGPUInstancingTests.MoveFast",1,"Time","Millisecond",No,13.8302017003298,42.4113012850285,14.3755031749606,14.9895360227674,3.18809944710374,1498.95360227674,27.3068025708199, 42.4113012850285, 14.8948980495334, 14.327097684145, 14.0404049307108, 14.7808957844973, 14.3512049689889, 14.1343958675861, 19.1532038152218, 19.5747949182987, 14.3878050148487, 14.3612949177623, 14.3700046464801, 20.7446999847889, 14.7528983652592, 14.55660443753, 14.1478953883052, 14.3589004874229, 14.3662979826331, 14.6785005927086, 14.4568029791117, 14.3131026998162, 14.7843966260552, 14.750899747014, 14.2643991857767, 13.9893991872668, 14.2325041815639, 14.5545993000269, 14.1644980758429, 15.3073975816369, 14.4086023792624, 14.7650018334389, 14.4036989659071, 14.6402986720204, 14.8590989410877, 14.6499006077647, 14.6456984803081, 14.5801017060876, 14.4545985385776, 14.5549038425088, 14.8234972730279, 14.5749999210238, 15.6466979533434, 13.8946007937193, 15.2307040989399, 14.298795722425, 14.2000000923872, 14.3120037391782, 14.4723998382688, 14.4633995369077, 14.0080004930496, 14.3810017034411, 14.250198379159, 14.1669996082783, 14.2440972849727, 13.9535004273057, 14.9799035862088, 14.2617989331484, 14.4257014617324, 14.1497943550348, 14.1200041398406, 13.9082977548242, 14.2585029825568, 14.3380956724286, 14.0973003581166, 14.1437007114291, 14.6544007584453, 14.1121027991176, 14.2056969925761, 14.5636973902583, 14.5313069224358, 14.0297971665859, 14.597300440073, 14.2419002950191, 14.424298889935, 13.8778984546661, 14.161798171699, 14.2301023006439, 13.8302017003298, 14.2282033339143, 14.293197542429, 14.6170984953642, 14.4489016383886, 14.3480021506548, 14.930697157979, 14.3224988132715, 14.1883995383978, 14.4806047901511, 15.3101971372962, 14.9231012910604, 14.747598208487, 14.2428008839488, 14.2784016206861, 14.0406955033541, 14.2154050990939, 14.5942959934473, 14.0536986291409, 14.4620044156909, 14.0770971775055, 14.6063985303044
16,"Tests.ImpostorsGPUInstancingTests.MoveForward",1,"Time","Millisecond",No,13.8207981362939,22.4041026085615,14.5756523124874,14.9203929584473,1.31261596874662,1492.03929584473,19.108297303319, 19.6329019963741, 14.3252974376082, 14.2651004716754, 14.0117984265089, 14.1989020630717, 15.432802028954, 14.8119973018765, 19.547002390027, 19.6983981877565, 15.0047969073057, 15.2265019714832, 15.7653987407684, 14.2863020300865, 15.3347998857498, 14.5777994766831, 14.699000865221, 14.2370043322444, 14.978195540607, 14.9427009746432, 14.4522963091731, 14.5550025627017, 14.9911986663938, 14.6312993019819, 14.5422052592039, 14.5191960036755, 14.4011974334717, 14.488804154098, 14.439101330936, 14.6240005269647, 14.6785993129015, 14.6383997052908, 13.9551945030689, 14.7780049592257, 14.5960953086615, 14.9263041093946, 14.2460959032178, 14.9229029193521, 15.2178993448615, 15.1618979871273, 14.3205001950264, 16.1910001188517, 17.0288048684597, 15.3129957616329, 14.5735051482916, 14.7032951936126, 14.5490011200309, 14.390199445188, 14.1924032941461, 15.0665957480669, 14.8406038060784, 14.4386971369386, 13.9172971248627, 14.3582057207823, 14.8804988712072, 14.6360965445638, 14.3696991726756, 14.2705999314785, 14.4143002107739, 13.9964995905757, 14.4373020157218, 14.5025011152029, 14.1839990392327, 14.6448975428939, 14.5319020375609, 15.2793014422059, 13.9136975631118, 14.3735045567155, 14.3674956634641, 22.4041026085615, 15.1190971955657, 13.8207981362939, 14.5332058891654, 14.2907947301865, 15.3422048315406, 14.4548965618014, 14.5805981010199, 14.2348995432258, 14.0084037557244, 14.4906956702471, 15.3526002541184, 14.4704012200236, 13.9901004731655, 15.5358985066414, 14.4206983968616, 14.4295068457723, 13.8221941888332, 14.3781034275889, 16.0669013857841, 14.5412981510162, 14.722902327776, 14.8383006453514, 14.8307960480452, 14.1283022239804, 14.6798966452479, 14.8113025352359, 14.7586027160287, 14.1015946865082, 14.6316038444638, 14.7125003859401
17,"Tests.ImpostorsGPUInstancingTests.Teleport",1,"Time","Millisecond",No,12.261500582099,109.28550362587,21.1541522294283,30.0913188792765,22.5608157480998,3009.13188792765,18.9668014645576, 20.5012038350105, 15.6673956662416, 15.2489012107253, 15.9558951854706, 15.0906033813953, 15.8506017178297, 19.2254967987537, 19.9069026857615, 15.2226965874434, 15.0897037237883, 14.0894986689091, 15.5670000240207, 15.9720033407211, 15.9911997616291, 14.5660005509853, 15.260798856616, 15.1574974879622, 15.5390026047826, 14.6825965493917, 14.8903056979179, 24.9068941920996, 16.5300033986568, 14.9933956563473, 14.9245038628578, 13.5033018887043, 13.3224986493587, 14.2615009099245, 15.4852960258722, 14.4601045176387, 16.93319901824, 14.5785007625818, 14.4852958619595, 12.261500582099, 14.4696999341249, 12.8909014165401, 13.0132017657161, 13.7677015736699, 15.8922970294952, 14.2207974568009, 13.6665040627122, 13.4169002994895, 13.9434952288866, 21.8071006238461, 84.7682058811188, 83.7590992450714, 84.4755992293358, 84.6703946590424, 85.9050005674362, 82.9279944300652, 36.1986048519611, 68.6071962118149, 90.5689001083374, 24.0298956632614, 32.1267023682594, 30.8674033731222, 35.8527973294258, 33.2527011632919, 22.1222992986441, 85.2957963943481, 19.145904108882, 31.8984985351563, 38.2647030055523, 19.9163965880871, 25.4694018512964, 32.1536995470524, 39.0264950692654, 29.5421052724123, 24.7942954301834, 32.0425033569336, 26.9947983324528, 35.1289957761765, 18.2227045297623, 97.072497010231, 31.6330976784229, 36.5893989801407, 28.4560024738312, 16.5300033986568, 26.5523958951235, 24.021003395319, 28.1186997890472, 38.0146950483322, 40.2435027062893, 28.0282031744719, 80.860897898674, 18.9590994268656, 29.4396970421076, 28.2607991248369, 18.1632023304701, 34.9499024450779, 26.2883994728327, 40.2917005121708, 35.1170971989632, 37.9385985434055, 29.7036003321409, 17.6304988563061, 28.5416021943092, 37.9313975572586, 16.304599121213, 109.28550362587
18,"Tests.LODTests.BackAndForth",1,"Time","Millisecond",No,16.5442954748869,32.9849980771542,18.7570471316576,19.1795239783823,2.61515626538432,1917.95239783823,28.5926014184952, 28.6867991089821, 17.3659007996321, 16.9678013771772, 19.6014959365129, 31.8860039114952, 32.9849980771542, 20.48309892416, 19.2400999367237, 17.4436010420322, 17.4903981387615, 19.8340993374586, 18.3757022023201, 17.8065970540047, 17.7007019519806, 18.8940968364477, 16.5990013629198, 17.532505095005, 17.7071988582611, 19.2150007933378, 19.3942952901125, 19.8174044489861, 18.8387967646122, 17.5644978880882, 18.4631031006575, 17.5469033420086, 19.2644987255335, 17.9159007966518, 16.5442954748869, 19.3249993026257, 19.2219037562609, 17.8003963083029, 18.0626977235079, 19.0506018698215, 17.2150023281574, 19.9085958302021, 16.6088007390499, 17.6472011953592, 17.5219029188156, 17.3076950013638, 18.7681056559086, 18.9198981970549, 18.7342967838049, 18.5704007744789, 18.5018982738256, 19.7711028158665, 17.4243971705437, 17.9541036486626, 18.0692952126265, 18.4953026473522, 20.7246039062738, 20.7598004490137, 18.8696011900902, 19.109396263957, 18.9880039542913, 18.3518994599581, 17.8184024989605, 18.8706982880831, 18.1590002030134, 19.8520980775356, 17.408998683095, 18.789604306221, 19.2559957504272, 18.0442035198212, 21.5142015367746, 20.6683948636055, 21.3042013347149, 19.0674029290676, 18.201595172286, 17.6788046956062, 20.2239938080311, 19.5754040032625, 18.0409997701645, 18.5963995754719, 18.1978959590197, 16.9240012764931, 17.5383016467094, 19.3554982542992, 20.3731004148722, 18.8955999910831, 17.7732985466719, 19.3737037479877, 18.647002056241, 17.299497500062, 18.7601968646049, 17.5814051181078, 19.8430977761745, 19.7674948722124, 18.365602940321, 17.0297976583242, 21.4405041188002, 18.8772957772017, 18.3835029602051, 20.1945006847382, 19.2318949848413, 21.4480999857187, 20.3732009977102, 20.8871029317379, 18.7538973987103, 18.1272029876709
19,"Tests.LODTests.FastHorizontalPan",1,"Time","Millisecond",No,14.5624997094274,27.6788976043463,17.4537980929017,17.6488819532096,2.06394194116632,1764.88819532096,20.0757998973131, 25.4735965281725, 17.7175030112267, 17.1655975282192, 16.3603033870459, 16.7366992682219, 27.6788976043463, 25.8961021900177, 19.3649027496576, 15.6730934977531, 15.1995038613677, 17.7742000669241, 16.3097996264696, 18.1919988244772, 16.4211019873619, 15.2658941224217, 19.2312002182007, 17.1606000512838, 15.0848990306258, 18.3128044009209, 16.6424959897995, 17.0331001281738, 18.6702031642199, 18.0321000516415, 18.0882010608912, 17.4539964646101, 16.0121023654938, 17.5051018595695, 16.6730936616659, 14.5624997094274, 18.1014034897089, 18.011599779129, 16.2316970527172, 17.8859047591686, 15.5092971399426, 15.6440977007151, 16.6724063456059, 17.0773956924677, 16.5299028158188, 18.5231994837523, 17.8718958050013, 15.9883014857769, 15.4529977589846, 16.8497022241354, 18.1183032691479, 16.6574977338314, 16.6153982281685, 17.797002568841, 16.3333974778652, 16.2909999489784, 15.0728030130267, 17.0740000903606, 16.3242984563112, 16.467297449708, 16.4447985589504, 17.0432049781084, 18.1844960898161, 16.5831074118614, 15.7125983387232, 16.8522950261831, 14.8809030652046, 18.0159006267786, 18.8790950924158, 18.9360044896603, 20.9490992128849, 16.9636979699135, 15.837699174881, 17.5988022238016, 15.8812999725342, 17.2663982957602, 17.4535997211933, 18.9337022602558, 18.365703523159, 17.9521963000298, 16.0080008208752, 18.4003971517086, 17.5477042794228, 16.8789960443974, 17.9553013294935, 18.7450051307678, 17.492700368166, 17.5321996212006, 15.7994963228703, 18.936401233077, 18.6694022268057, 16.5877975523472, 17.9191958159208, 19.6854025125504, 17.5910014659166, 19.3650014698505, 16.3784008473158, 17.1560943126678, 17.5404045730829, 20.1554987579584, 19.0696995705366, 20.8824966102839, 21.6815043240786, 19.2975979298353, 15.9454010426998, 18.0642995983362
20,"Tests.LODTests.HorizontalPan",1,"Time","Millisecond",No,14.135898090899,33.0316945910454,16.1763960495591,16.5639000572264,2.67307680076126,1656.39000572264,20.7676012068987, 27.8907027095556, 16.528096050024, 15.3387049213052, 18.7036991119385, 18.3109976351261, 33.0316945910454, 28.1280037015676, 16.167800873518, 17.3367001116276, 17.2116998583078, 18.3672979474068, 18.987599760294, 16.9913060963154, 16.8253965675831, 17.1184036880732, 17.3494964838028, 16.6949052363634, 15.8412978053093, 15.9059949219227, 16.3066051900387, 17.2011982649565, 15.7634001225233, 16.5071990340948, 17.0256029814482, 17.4091979861259, 16.599602997303, 17.0063991099596, 16.712699085474, 17.6893007010221, 17.4621026962996, 16.1755960434675, 16.648406162858, 16.1771960556507, 15.7016012817621, 16.6873019188643, 15.7223995774984, 16.6237950325012, 15.3002059087157, 16.3589008152485, 15.1021964848042, 14.5782027393579, 14.8804988712072, 15.0911994278431, 15.1062002405524, 14.8774022236466, 14.135898090899, 14.2388958483934, 14.2080001533031, 14.5471021533012, 17.0487035065889, 16.6759993880987, 16.3049958646297, 16.4817031472921, 15.6652983278036, 16.415199264884, 16.9360972940922, 16.9130023568869, 16.0255022346973, 15.370599925518, 15.5647955834866, 14.410799369216, 16.1383002996445, 15.698604285717, 15.8720947802067, 14.1755035147071, 16.1445010453463, 14.622101560235, 14.8694943636656, 15.6049039214849, 14.7616993635893, 14.3169006332755, 14.8029970005155, 15.4690053313971, 14.4638959318399, 14.9246035143733, 16.783595085144, 16.3197983056307, 14.4985048100352, 15.4004963114858, 14.8115009069443, 14.3563989549875, 15.7467052340508, 14.6044008433819, 14.2442956566811, 16.1164049059153, 16.1978956311941, 16.8474987149239, 18.3114018291235, 17.6924038678408, 15.4942953959107, 18.1026011705399, 16.5271051228046, 18.4933952987194, 19.5577032864094, 16.5267996490002, 17.6832973957062, 15.7088004052639, 15.1221016421914, 14.2235970124602
21,"Tests.LODTests.MoveFast",1,"Time","Millisecond",No,14.7426016628742,31.6588990390301,16.8912978842854,17.3012939095497,2.51921842022708,1730.12939095497,20.7234974950552, 28.2076951116323, 14.7426016628742, 15.4589992016554, 17.7508015185595, 16.9599000364542, 31.6588990390301, 27.1173045039177, 26.667594909668, 14.9445999413729, 15.7583057880402, 17.0590002089739, 17.3946004360914, 17.0467961579561, 16.7054980993271, 18.0507022887468, 17.7446994930506, 17.4506027251482, 17.801197245717, 15.8838015049696, 16.8971009552479, 16.5754966437817, 16.836004331708, 17.6052935421467, 16.1911007016897, 16.4747014641762, 17.2609984874725, 16.6636053472757, 17.6934953778982, 17.0735046267509, 17.0433949679136, 17.4161996692419, 16.4948049932718, 17.5410006195307, 16.885494813323, 17.1577017754316, 15.8169995993376, 17.0604027807713, 16.8475974351168, 19.3668007850647, 15.5499996617436, 16.4946001023054, 17.3177998512983, 17.1376001089811, 17.5982005894184, 16.6678987443447, 17.5000000745058, 16.5984984487295, 16.8246030807495, 17.2877982258797, 22.9134988039732, 17.9848000407219, 16.4506025612354, 16.9447995722294, 16.7064983397722, 16.0447992384434, 16.6359059512615, 15.8008001744747, 16.9348996132612, 16.0654969513416, 15.8785004168749, 17.7799966186285, 16.9285014271736, 15.6640019267797, 17.2730013728142, 17.2074977308512, 16.5085028856993, 15.1450959965587, 15.7700050622225, 15.8720947802067, 15.9642994403839, 17.2717049717903, 16.9514957815409, 16.3166020065546, 16.7256016284227, 17.3227954655886, 17.3623021692038, 16.3999013602734, 15.8911980688572, 16.0044990479946, 16.5627971291542, 16.4213012903929, 16.3291022181511, 16.2111967802048, 17.3692032694817, 16.3134001195431, 15.6963001936674, 16.7869962751865, 17.0379038900137, 16.9981010258198, 15.8428996801376, 16.9157944619656, 16.3548048585653, 16.2516999989748, 17.1840991824865, 16.6081991046667, 17.1821992844343, 17.1247031539679, 15.8853959292173, 17.3277985304594
22,"Tests.LODTests.MoveForward",1,"Time","Millisecond",No,14.8846013471484,31.9800041615963,17.4011485651135,17.7422890346497,2.24579279055413,1774.22890346497,20.4468965530396, 27.8798043727875, 16.5187995880842, 15.3237953782082, 17.6684036850929, 18.1566961109638, 31.9800041615963, 27.5964997708797, 14.8846013471484, 16.6641008108854, 16.5773946791887, 19.411401823163, 19.3025022745132, 17.4652002751827, 18.1457977741957, 17.1655043959618, 17.6090002059937, 17.6686998456717, 15.8393997699022, 17.9494973272085, 16.8141014873981, 16.3135975599289, 17.8137049078941, 16.4143983274698, 18.1222017854452, 17.5971947610378, 17.3362027853727, 17.2297973185778, 19.259000197053, 16.8243050575256, 17.4697991460562, 17.4073986709118, 18.30780133605, 16.6521966457367, 17.8227033466101, 17.2879956662655, 16.9986039400101, 18.5022950172424, 16.8194025754929, 17.9090984165668, 17.0382019132376, 17.8466979414225, 19.4694027304649, 18.6857990920544, 19.9282020330429, 17.6697000861168, 19.2223004996777, 18.9823973923922, 18.3403976261616, 18.1909017264843, 17.0939974486828, 16.9884003698826, 17.6500007510185, 15.8244054764509, 17.5027996301651, 18.8163965940475, 17.5632014870644, 16.1985978484154, 15.7524030655622, 17.6563002169132, 17.5280049443245, 16.9277004897594, 17.7719946950674, 17.8693030029535, 17.3948984593153, 17.9274026304483, 17.1255953609943, 17.9743058979511, 17.9982986301184, 17.1389952301979, 16.9526003301144, 17.4952019006014, 17.408000305295, 16.6780967265368, 16.8893001973629, 16.4685025811195, 17.5831988453865, 16.1263030022383, 16.2063986063004, 16.9730018824339, 16.7813003063202, 16.3928009569645, 17.6461953669786, 16.7044997215271, 16.7046058923006, 16.6597012430429, 16.8697983026505, 16.7280975729227, 17.2207970172167, 16.3719039410353, 16.8213993310928, 16.8132018297911, 16.8447978794575, 16.4912976324558, 18.0550031363964, 17.7304986864328, 16.7129952460527, 16.7552996426821, 17.3276998102665, 18.5836032032967
23,"Tests.LODTests.Teleport",1,"Time","Millisecond",No,13.7677015736699,109.313696622849,28.6626489832997,38.0456969887018,27.1925066447454,3804.56969887018,21.5784013271332, 28.7464000284672, 16.5673047304153, 15.8347934484482, 17.772002145648, 21.2605018168688, 32.9069010913372, 27.8206001967192, 17.4286998808384, 16.297796741128, 18.0009994655848, 15.8305056393147, 17.1521957963705, 17.0992985367775, 16.8178007006645, 18.6516009271145, 19.2565973848104, 17.1278063207865, 15.6865995377302, 15.3498938307166, 18.6239015311003, 20.2409010380507, 17.8215000778437, 20.362401381135, 20.2518999576569, 18.4011980891228, 15.3208049014211, 14.0523947775364, 15.85360057652, 17.7777074277401, 25.2256952226162, 16.5648031979799, 20.983099937439, 15.2707975357771, 15.1830995455384, 13.7677015736699, 14.8234972730279, 16.1150023341179, 22.0646038651466, 14.9758998304605, 21.9503976404667, 15.2944019064307, 14.8281957954168, 29.6410992741585, 84.4361037015915, 75.919896364212, 87.7201035618782, 80.3204998373985, 82.8719958662987, 65.8973008394241, 27.673002332449, 100.912898778915, 82.0807069540024, 86.3554030656815, 94.6962982416153, 87.2385948896408, 89.4346982240677, 68.1812986731529, 105.329796671867, 23.8221008330584, 28.9526991546154, 37.2253954410553, 40.6111031770706, 36.4780984818935, 24.2459047585726, 96.1211994290352, 19.947299733758, 30.1190968602896, 30.1080010831356, 33.2172960042953, 31.4410999417305, 38.1092056632042, 34.1394990682602, 33.0644994974136, 102.906301617622, 28.8466978818178, 29.1705001145601, 29.076898470521, 36.6735048592091, 24.6422979980707, 96.0961058735848, 35.7467979192734, 42.2265008091927, 48.7152002751827, 39.0157029032707, 46.4777015149593, 19.6127984672785, 28.5788979381323, 20.6131022423506, 109.313696622849, 31.8611040711403, 54.4692948460579, 45.4875975847244, 36.0987037420273, 98.7724959850311, 22.612102329731, 38.6294014751911, 51.8238954246044, 37.2381024062634, 70.6118941307068
24,"Tests.NoOptimizationTests.BackAndForth",1,"Time","Millisecond",No,18.5134988278151,66.0000964999199,54.1503503918648,53.3942699246109,5.28080035656065,5339.42699246109,57.7542036771774, 62.3668022453785, 66.0000964999199, 65.4112920165062, 18.5134988278151, 52.6566058397293, 52.3409992456436, 63.0157962441444, 45.4751066863537, 55.7731986045837, 52.4064972996712, 56.4802028238773, 51.8388971686363, 56.4313009381294, 51.4682047069073, 55.8173954486847, 52.5231994688511, 56.9170974195004, 50.3525026142597, 56.3105009496212, 52.1801002323627, 55.4822981357574, 52.2428005933762, 64.0744939446449, 42.6913984119892, 55.6497015058994, 52.353598177433, 54.7764040529728, 51.7754964530468, 55.1331974565983, 51.9579984247684, 55.3832054138184, 50.6897941231728, 55.7947009801865, 51.2164048850536, 55.877897888422, 50.3867007791996, 55.5753968656063, 51.8544986844063, 55.1399998366833, 51.3486042618752, 54.9486950039864, 51.7164058983326, 55.1747940480709, 52.0682036876678, 55.3410016000271, 50.4494979977608, 62.533900141716, 44.5112027227879, 56.3341975212097, 50.5801998078823, 55.8844953775406, 50.4496023058891, 54.917000234127, 51.3195991516113, 54.8027008771896, 59.943899512291, 47.3203994333744, 50.4412986338139, 56.7244030535221, 51.8239922821522, 54.2721003293991, 51.443699747324, 55.2222020924091, 51.6134016215801, 55.6697994470596, 50.3576025366783, 55.8736957609653, 52.1986037492752, 55.3859993815422, 50.5860969424248, 55.7406023144722, 50.6973005831242, 54.5162968337536, 51.0143004357815, 55.3176030516624, 52.1341003477573, 54.297398775816, 51.0229021310806, 55.2555993199348, 61.0098987817764, 45.2580004930496, 50.3428988158703, 54.0286004543305, 51.4648035168648, 55.2940964698792, 51.041703671217, 55.2709959447384, 51.2772053480148, 54.7829009592533, 50.433199852705, 55.3635992109776, 49.9854013323784, 55.2154965698719, 50.3746047616005, 55.748101323843, 49.4251996278763, 55.6921996176243, 50.4106022417545, 55.664598941803
25,"Tests.NoOptimizationTests.FastHorizontalPan",1,"Time","Millisecond",No,15.4668008908629,72.9048028588295,50.4469014704228,46.6109141241759,9.15079725476952,4661.09141241759,72.9048028588295, 52.6982992887497, 15.4668008908629, 30.0822984427214, 67.9272934794426, 63.0487054586411, 18.2856004685163, 51.2753985822201, 51.8113039433956, 47.0807962119579, 53.4174032509327, 45.2091991901398, 32.1549028158188, 38.0651988089085, 51.7947003245354, 54.1484989225864, 51.8084056675434, 45.8847992122173, 53.231094032526, 45.7236021757126, 31.0627967119217, 38.764201104641, 51.2381009757519, 53.287498652935, 53.2896965742111, 45.8805002272129, 53.6803007125854, 45.3918017446995, 32.5953029096127, 37.8767997026443, 51.8874004483223, 53.6097995936871, 52.3311011493206, 47.241497784853, 52.7123995125294, 45.1018996536732, 31.6628962755203, 38.7458056211472, 51.3634011149406, 53.720697760582, 51.0480999946594, 45.6274040043354, 53.1565956771374, 45.8463989198208, 32.1427024900913, 37.586897611618, 51.4428019523621, 52.8616011142731, 53.7095032632351, 45.5651991069317, 53.7850968539715, 44.9769981205463, 32.190702855587, 37.5188998878002, 51.5081994235516, 53.499199450016, 51.8776997923851, 45.904703438282, 53.8302920758724, 45.4903058707714, 31.4191952347755, 38.3269004523754, 51.118403673172, 53.6848977208138, 53.7925027310848, 43.9241006970406, 53.3264949917793, 44.6052998304367, 31.8063981831074, 38.2495038211346, 52.2775016725063, 52.3887984454632, 52.3893013596535, 45.8828993141651, 52.327997982502, 46.3092066347599, 31.3570946455002, 38.2837019860744, 51.0070025920868, 55.2445985376835, 50.8039966225624, 46.0358075797558, 53.1496964395046, 45.3784987330437, 32.5677022337914, 37.7321019768715, 51.8752001225948, 53.0541017651558, 51.4596030116081, 45.9834970533848, 53.4005016088486, 45.5428995192051, 34.3485958874226, 38.3027009665966, 50.5100004374981, 54.6138025820255, 50.3838025033474, 46.366099268198, 52.9424957931042, 45.8862036466599
26,"Tests.NoOptimizationTests.HorizontalPan",1,"Time","Millisecond",No,17.9549027234316,106.001399457455,40.8019479364157,42.8026889637113,10.7145673630118,4280.26889637113,55.8010004460812, 65.7726973295212, 18.2494055479765, 53.4088015556336, 106.001399457455, 65.2045011520386, 17.9549027234316, 51.2764938175678, 55.6352026760578, 55.0904981791973, 55.5905029177666, 55.2183948457241, 54.4682033360004, 54.5961931347847, 55.6943044066429, 50.1625016331673, 52.2289983928204, 46.9799041748047, 47.963697463274, 45.3200042247772, 46.5124994516373, 43.1354939937592, 44.8442026972771, 44.2350991070271, 44.4114990532398, 45.6098020076752, 44.0907031297684, 45.9693931043148, 45.0938008725643, 47.6684011518955, 48.8661974668503, 49.5366007089615, 49.0349978208542, 45.8790026605129, 44.1515035927296, 44.2553982138634, 41.892196983099, 40.403600782156, 40.2075946331024, 40.402103215456, 38.5347008705139, 37.3818948864937, 33.5662066936493, 34.088596701622, 32.3270000517368, 31.6065959632397, 31.4707048237324, 30.7991988956928, 29.6002980321646, 30.8632999658585, 30.2222017198801, 30.4455012083054, 32.065998762846, 34.0053997933865, 34.8687991499901, 35.8228944242001, 36.6042032837868, 36.8203036487103, 37.5719964504242, 38.0401983857155, 37.9828028380871, 37.0428003370762, 37.6091003417969, 38.1986051797867, 37.5026986002922, 37.4259017407894, 37.3894982039929, 37.9185006022453, 38.0445010960102, 37.8517992794514, 37.2210964560509, 37.0992980897427, 36.7750003933907, 36.2204015254974, 38.4086035192013, 37.3015031218529, 35.5035997927189, 33.7315984070301, 32.8526012599468, 34.0705998241901, 34.5581993460655, 36.9005016982555, 38.9782935380936, 40.5896045267582, 40.6528972089291, 40.9509986639023, 42.5170995295048, 41.14880412817, 41.6685007512569, 42.1834960579872, 43.843500316143, 48.5766008496284, 50.6349988281727, 52.8802014887333, 51.3991005718708, 53.2673969864845, 51.8517009913921, 51.9251972436905, 51.4071993529797, 52.6604019105434
27,"Tests.NoOptimizationTests.MoveFast",1,"Time","Millisecond",No,16.7380031198263,106.462404131889,53.3147491514683,53.4199549071491,7.72938141244213,5341.99549071491,54.8225976526737, 66.9039040803909, 17.5029970705509, 52.8216995298862, 106.462404131889, 67.1098008751869, 16.7380031198263, 53.1026981770992, 56.3663989305496, 54.8804998397827, 54.4908009469509, 54.7938980162144, 54.7683052718639, 54.6392984688282, 55.4081983864307, 55.0651997327805, 53.8131035864353, 54.6993985772133, 53.2661974430084, 54.9927018582821, 55.2100986242294, 53.8372024893761, 54.1163980960846, 54.3017014861107, 55.307999253273, 53.5072013735771, 53.576897829771, 53.7448041141033, 56.583296507597, 51.8153980374336, 53.0251003801823, 53.5468049347401, 53.8469962775707, 53.7436008453369, 54.0606006979942, 55.0458952784538, 54.2131997644901, 53.5295978188515, 53.5442046821117, 55.8242984116077, 53.8639016449452, 55.3298965096474, 53.0421994626522, 52.7436025440693, 52.8973005712032, 54.0007017552853, 53.1250014901161, 52.728995680809, 53.9885051548481, 52.8351962566376, 53.3008985221386, 53.5019002854824, 53.37930098176, 53.7572987377644, 52.4865984916687, 53.3568039536476, 51.4857992529869, 53.3492974936962, 51.8655963242054, 53.4681044518948, 52.4623021483421, 53.328599780798, 53.1038977205753, 53.1268008053303, 52.1070025861263, 53.7004955112934, 51.6786985099316, 56.2334023416042, 56.292999535799, 51.5630021691322, 53.5021983087063, 52.9660992324352, 51.1981025338173, 52.2910989820957, 53.8767985999584, 53.2045997679234, 52.3334033787251, 52.0698986947536, 52.2397942841053, 52.4582043290138, 53.0440956354141, 52.3121021687984, 52.5826960802078, 52.789606153965, 51.9679971039295, 52.1387979388237, 52.4340979754925, 52.1387048065662, 52.6279956102371, 51.6864992678165, 51.8315955996513, 52.0966053009033, 52.575197070837, 51.3884983956814, 51.2409023940563, 53.5658933222294, 50.8726052939892, 50.6804995238781, 51.6484975814819, 53.0989021062851
28,"Tests.NoOptimizationTests.MoveForward",1,"Time","Millisecond",No,17.2648038715124,108.507096767426,55.3567502647638,55.3310489840806,7.90140595248127,5533.10489840806,54.4357001781464, 64.8853033781052, 17.5149030983448, 53.1726963818073, 108.507096767426, 66.9420957565308, 17.2648038715124, 53.3437021076679, 55.0996959209442, 55.7955987751484, 55.0747029483318, 55.0616979598999, 56.264903396368, 55.3753972053528, 55.3100071847439, 55.2720949053764, 55.5639043450356, 55.3634017705917, 55.6088984012604, 55.2198961377144, 56.1501979827881, 54.8603050410748, 55.2299953997135, 55.8334030210972, 56.3979037106037, 54.6497963368893, 55.3951039910316, 55.8519996702671, 54.5080006122589, 55.5719025433064, 55.1442950963974, 56.1683028936386, 55.0900995731354, 55.3246960043907, 55.1552996039391, 55.8971017599106, 54.2369969189167, 55.7425022125244, 55.0177022814751, 55.0762973725796, 55.7974986732006, 55.1665052771568, 64.0182942152023, 47.5397035479546, 54.8643991351128, 55.4225966334343, 55.3210042417049, 55.7281970977783, 55.4010048508644, 55.3078949451447, 56.7056052386761, 54.7375977039337, 56.046299636364, 55.3713999688625, 55.5312000215054, 54.2975962162018, 55.4682947695255, 55.6337013840675, 55.2988015115261, 55.5634014308453, 56.4223006367683, 55.5476956069469, 55.8323003351688, 56.0950040817261, 55.6190982460976, 55.1058053970337, 55.5886961519718, 55.7019002735615, 55.1241002976894, 55.6463003158569, 55.3322993218899, 56.2582984566689, 56.1546050012112, 55.512897670269, 55.1442019641399, 55.6332990527153, 54.8216961324215, 55.3500987589359, 55.4381012916565, 55.4472021758556, 54.7017008066177, 54.9037978053093, 55.477499961853, 54.6802990138531, 55.0586953759193, 54.9571998417377, 55.2366003394127, 63.4552016854286, 46.5152002871037, 54.7196976840496, 55.6097999215126, 54.7102056443691, 55.1460944116116, 55.2155040204525, 55.3012974560261, 55.5826053023338, 55.8276996016502, 55.1980026066303, 54.94200065732, 56.490495800972
29,"Tests.NoOptimizationTests.Teleport",1,"Time","Millisecond",No,14.8223005235195,173.009499907494,59.1414012014866,62.0915513206273,36.6626502831815,6209.15513206273,84.4106003642082, 90.0482013821602, 63.075102865696, 61.1706003546715, 19.0432034432888, 51.9456006586552, 59.3895986676216, 72.017602622509, 64.8051053285599, 62.133900821209, 52.5106005370617, 38.3717976510525, 37.3394005000591, 30.1892999559641, 58.8932037353516, 77.8088942170143, 80.3918018937111, 65.3069987893105, 38.7028977274895, 16.6369043290615, 19.0907958894968, 22.9828022420406, 63.2312968373299, 92.2617986798286, 79.5181021094322, 72.6438984274864, 32.5502976775169, 14.8223005235195, 17.3897035419941, 21.6419994831085, 38.9139950275421, 90.5582085251808, 112.118199467659, 67.7896961569786, 17.9318021982908, 14.9635979905725, 15.0453019887209, 21.1450960487127, 30.1784016191959, 85.8383998274803, 121.050305664539, 68.1183934211731, 15.1749011129141, 32.4097014963627, 85.5237990617752, 85.7096910476685, 112.792208790779, 155.670404434204, 80.2520960569382, 78.1539008021355, 33.2385003566742, 79.1461020708084, 63.21020424366, 87.6661986112595, 111.875295639038, 144.917905330658, 87.4375998973846, 70.965401828289, 33.8577032089233, 70.0739994645119, 93.0161029100418, 25.244303047657, 38.7988947331905, 123.865902423859, 161.489203572273, 85.1462036371231, 30.1498007029295, 21.5930975973606, 80.3273990750313, 20.433297380805, 37.9357002675533, 121.60350382328, 156.584396958351, 80.2336037158966, 40.3799973428249, 39.084006100893, 28.9149936288595, 19.116198644042, 86.7371037602425, 29.4592976570129, 173.009499907494, 58.3618991076946, 29.6446997672319, 37.3777076601982, 14.9158947169781, 85.825502872467, 23.6089993268251, 75.4395946860313, 114.814102649689, 49.4310036301613, 38.9036014676094, 54.0456995368004, 42.622696608305, 46.6772019863129, 20.4000994563103, 98.9660993218422, 98.3100011944771, 58.1295974552631, 42.6457040011883, 53.8611970841885
